-- Data for following article on joins  
-- https://www.stratascratch.com/blog/sql-join-interview-questions/

DROP SCHEMA IF exists "000_sql_interviews" CASCADE;

CREATE SCHEMA IF NOT exists "000_sql_interviews";

CREATE TABLE "000_sql_interviews"."fb_users" (
    id INT PRIMARY KEY,
    name VARCHAR(100) NOT NULL,
    joined_at DATE NOT NULL,
    city_id INT NOT NULL,
    device INT NOT NULL
);

INSERT INTO "000_sql_interviews"."fb_users" (id, name, joined_at, city_id, device) VALUES
(4, 'Ashley Sparks', '2020-06-30', 63, 2185),
(8, 'Zachary Tucker', '2018-02-18', 78, 3900),
(9, 'Caitlin Carpenter', '2020-07-23', 60, 8592),
(18, 'Wanda Ramirez', '2018-09-28', 55, 7904),
(21, 'Tonya Johnson', '2019-12-02', 62, 4816),
(24, 'Carlos Newman', '2020-02-06', 74, 861),
(25, 'Natasha Bradford', '2020-02-12', 60, 9401),
(27, 'Jessica Farrell', '2019-03-24', 67, 7190),
(32, 'Catherine Hurst', '2018-08-22', 51, 5529),
(33, 'Amanda Leon', '2017-10-06', 77, 4597),
(34, 'Donald Ross', '2017-10-14', 54, 1239),
(37, 'Michael Turner', '2018-04-01', 74, 1041),
(41, 'Donna Walker', '2017-10-05', 70, 1586),
(46, 'Tracy Hunter', '2019-08-10', 51, 2936),
(50, 'Samuel Miller', '2020-07-24', 50, 666),
(52, 'Michelle Jimenez', '2019-02-19', 66, 7393),
(56, 'Theresa Weaver', '2019-11-05', 72, 8209),
(58, 'Rhonda Davis', '2018-08-25', 79, 3822),
(78, 'Zachary Anderson', '2019-02-15', 71, 5696),
(82, 'Jacob York', '2020-08-21', 75, 540),
(87, 'David Taylor', '2019-05-11', 75, 7120),
(89, 'Kyle Curry', '2018-05-18', 56, 2054),
(95, 'Robert Little', '2020-07-27', 54, 383),
(99, 'Ryan Howe', '2018-08-18', 52, 9036);


 CREATE TABLE  "000_sql_interviews"."fb_comments" (
    user_id INT ,
    body TEXT ,
    created_at DATE 
);

INSERT INTO  "000_sql_interviews"."fb_comments" (user_id, body, created_at) VALUES
(89, 'Wrong set challenge guess college as position.', '2020-01-16'),
(33, 'Interest always door health military bag. Store smile factor player goal detail TV loss.', '2019-12-31'),
(34, 'Physical along born key leader various. Forward box soldier join.', '2020-01-08'),
(46, 'Kid must energy south behind hold. Research common long state get at issue. Weight technology live plant. His size approach loss.', '2019-12-29'),
(25, 'Or matter will turn only woman fact.', '2019-12-21'),
(8, 'Western east tax group character establish professor. Forward growth material. Before garden military product. Over southern manager. Along series civil theory force language clear.', '2020-01-13'),
(18, 'Difficult town soon. Though alone race fine customer certain task. Field body adult. Behind nation require. Garden after believe.', '2020-02-03'),
(32, 'Per measure course why poor write identify. Quality fear sometimes lead. One a past seven attack. Sometimes usually where ten figure picture thank. Stock rather color order attention paper.', '2020-01-10'),
(82, 'Cold bag ago surface head at key. Experience former concern down still stand. Wind reflect dinner art enjoy. Doctor inside read. Raise here she.', '2019-12-30'),
(58, 'Though training policy any. Step past major. Because gun agency model. Analysis information news month choice herself consumer.', '2020-02-02'),
(78, 'Increase girl threat student. Weight law dream education significant interview possible. Worry investment thing. Other describe create full personal. Model sit thank site military right.', '2020-01-07'),
(87, 'Star talk little main long usually mean environment. Bag president baby expect environmental capital experience. Baby their live.', '2019-12-25'),
(18, 'Knowledge man memory child analysis. Evening while about month. Have answer because every. Scene those tree behind pressure debate small.', '2019-12-27'),
(89, 'Arm when officer technology walk door television same. Table national later actually. Parent system indeed quite.', '2020-02-12'),
(9, 'Blood upon notice reduce. Order these size technology among majority. Floor nice art herself. Cold above condition leave market us health phone.', '2020-01-06'),
(27, 'School finally sit building southern. Them for course participant. Yard meet list almost language. Feeling item record. Take yard around music. Simple former side finish study fact forward.', '2020-01-10'),
(56, 'Best concern decision seek. Determine wrong suggest hospital remember small. Thank firm gun now. Protect record bar west sound kind power. Every floor news test candidate.', '2019-12-25'),
(99, 'President natural open before affect natural per. Type keep section nearly her often yet staff. Line public either fight. Country enough various article why. Finally east buy stay government.', '2020-02-03'),
(41, 'Call house customer force her movie skill. Leader trial seat. Everybody question watch. Challenge service test heavy window western. Sit father mouth garden certainly there.', '2020-01-03'),
(37, 'Organization left season consumer majority white. Public result next action send individual guess. Artist new blue maybe western act cost who.', '2020-02-01'),
(52, 'Especially bank recently cause. Be better care career argue occur trial almost. Note trial skill floor should candidate. Fact full individual federal others.', '2020-01-01'),
(4, 'Significant entire station order away. Man position adult tend. Here feeling energy wonder far piece. Seven production all. Building military police third he truth without.', '2020-02-15'),
(21, 'Person party low. Watch detail full choice. Research enjoy listen choose area. Purpose perhaps source against through even recently.', '2019-12-28'),
(32, 'Heavy natural new turn sing level. Firm form mother skin. Determine environmental usually live.', '2019-12-18'),
(95, 'Success next stage student she she. History community minute miss. Say guess month worry organization he culture. Four research attention.', '2020-01-17'),
(78, 'Director offer strong nature. Usually now else middle box. Catch feel adult however. Page star already. Best realize against actually friend.', '2020-01-04'),
(24, 'Career bring these environment network rest parent. Particularly guy big send town responsibility play. Move local fire number.', '2019-12-29'),
(50, 'Effect heart Mrs performance size house establish. Again tell involve will attack send. Common office read admit.', '2020-01-31'),
(32, 'Feeling reason story none. Recognize popular professor thousand compare hope. Firm same figure boy newspaper. Condition hope health might toward visit action wait.', '2020-01-06'),
(37, 'Billion fact learn enough director dream. Public on represent. Military very so throughout mouth. As should try perhaps history far sometimes. Police prevent science few assume each ten.', '2020-01-19'),
(89, 'Development just leader sit. None third your century box science test. Billion heavy tough card successful market. Bit red vote wall stuff relate heavy.', '2019-12-25'),
(33, 'Teacher too miss once commercial appear himself. Important ten full their prove issue sea. Accept role painting today. List tonight garden any accept everyone.', '2020-01-22'),
(34, 'Thousand field soldier minute. Half trade top ready me debate. Likely century protect material.', '2020-01-15'),
(46, 'Rich successful make line cultural real our. Road Mr star information responsibility past. Make compare enough public behavior.', '2019-12-23'),
(25, 'Subject base military fund by garden. Ready send alone experience anything member magazine military. Recognize buy career move might father.', '2020-02-14'),
(8, 'Part if investment religious what enter. During seek pay sister. Easy wear impact can. Anything career culture three newspaper here. Fast nature up allow end meeting especially.', '2020-01-22'),
(18, 'Just measure check me treat. True today particular help significant writer. Fast hear what movement mention check prove.', '2019-12-17');


CREATE TABLE "000_sql_interviews"."customers" (
    id INT PRIMARY KEY,
    first_name VARCHAR(50) NOT NULL,
    last_name VARCHAR(50) NOT NULL,
    city VARCHAR(100) NOT NULL,
    address VARCHAR(255),
    phone_number VARCHAR(20) NOT NULL
);


INSERT INTO  "000_sql_interviews"."customers"  (id, first_name, last_name, city, address, phone_number) VALUES
(8, 'John', 'Joseph', 'San Francisco', NULL, '928-386-8164'),
(7, 'Jill', 'Michael', 'Austin', NULL, '813-297-0692'),
(4, 'William', 'Daniel', 'Denver', NULL, '813-368-1200'),
(5, 'Henry', 'Jackson', 'Miami', NULL, '808-601-7513'),
(13, 'Emma', 'Isaac', 'Miami', NULL, '808-690-5201'),
(14, 'Liam', 'Samuel', 'Miami', NULL, '808-555-5201'),
(15, 'Mia', 'Owen', 'Miami', NULL, '808-640-5201'),
(1, 'Mark', 'Thomas', 'Arizona', '4476 Parkway Drive', '602-993-5916'),
(12, 'Eva', 'Lucas', 'Arizona', '4379 Skips Lane', '301-509-8805'),
(6, 'Jack', 'Aiden', 'Arizona', '4833 Coplin Avenue', '480-303-1527'),
(2, 'Mona', 'Adrian', 'Los Angeles', '1958 Peck Court', '714-409-9432'),
(10, 'Lili', 'Oliver', 'Los Angeles', '3832 Euclid Avenue', '530-695-1180'),
(3, 'Farida', 'Joseph', 'San Francisco', '3153 Rhapsody Street', '813-368-1200'),
(9, 'Justin', 'Alexander', 'Denver', '4470 McKinley Avenue', '970-433-7589'),
(11, 'Frank', 'Jacob', 'Miami', '1299 Randall Drive', '808-590-5201');


CREATE TABLE "000_sql_interviews"."orders" (
    id INT PRIMARY KEY,
    cust_id INT NOT NULL,
    order_date DATE NOT NULL,
    order_details VARCHAR(100) NOT NULL,
    total_order_cost DECIMAL(10,2) NOT NULL
);

INSERT INTO "000_sql_interviews"."orders" (id, cust_id, order_date, order_details, total_order_cost) VALUES
(1, 3, '2019-03-04', 'Coat', 100.00),
(2, 3, '2019-03-01', 'Shoes', 80.00),
(3, 3, '2019-03-07', 'Skirt', 30.00),
(4, 7, '2019-02-01', 'Coat', 25.00),
(5, 7, '2019-03-10', 'Shoes', 80.00),
(6, 15, '2019-02-01', 'Boats', 100.00),
(7, 15, '2019-01-11', 'Shirts', 60.00),
(8, 15, '2019-03-11', 'Slipper', 20.00),
(9, 15, '2019-03-01', 'Jeans', 80.00),
(10, 15, '2019-03-09', 'Shirts', 50.00),
(11, 5, '2019-02-01', 'Shoes', 80.00),
(12, 12, '2019-01-11', 'Shirts', 60.00),
(13, 12, '2019-03-11', 'Slipper', 20.00),
(14, 4, '2019-02-01', 'Shoes', 80.00),
(15, 4, '2019-01-11', 'Shirts', 60.00),
(16, 3, '2019-04-19', 'Shirts', 50.00),
(17, 7, '2019-04-19', 'Suit', 150.00),
(18, 15, '2019-04-19', 'Skirt', 30.00),
(19, 15, '2019-04-20', 'Dresses', 200.00),
(20, 12, '2019-01-11', 'Coat', 125.00),
(21, 7, '2019-04-01', 'Suit', 50.00),
(22, 7, '2019-04-02', 'Skirt', 30.00),
(23, 7, '2019-04-03', 'Dresses', 50.00),
(24, 7, '2019-04-04', 'Coat', 25.00),
(25, 7, '2019-04-19', 'Coat', 125.00);


CREATE TABLE  "000_sql_interviews"."amazon_employees" (
    id INT PRIMARY KEY,
    first_name VARCHAR(50) NOT NULL,
    last_name VARCHAR(50) NOT NULL,
    age INT NOT NULL,
    sex CHAR(1) NOT NULL CHECK (sex IN ('M', 'F')),
    employee_title VARCHAR(50) NOT NULL,
    department VARCHAR(50) NOT NULL,
    salary DECIMAL(10,2) NOT NULL,
    target INT NOT NULL,
    bonus INT NOT NULL,
    email VARCHAR(100) NOT NULL ,
    city VARCHAR(50),
    address VARCHAR(255),
    manager_id INT
);

INSERT INTO "000_sql_interviews"."amazon_employees" (id, first_name, last_name, age, sex, employee_title, department, salary, target, bonus, email, city, address, manager_id) VALUES
(5, 'Max', 'George', 26, 'M', 'Sales', 'Sales', 1300.00, 200, 150, 'Max@company.com', 'California', '2638 Richards Avenue', 1),
(13, 'Katty', 'Bond', 56, 'F', 'Manager', 'Management', 150000.00, 0, 300, 'Katty@company.com', 'Arizona', NULL, 1),
(11, 'Richerd', 'Gear', 57, 'M', 'Manager', 'Management', 250000.00, 0, 300, 'Richerd@company.com', 'Alabama', NULL, 1),
(10, 'Jennifer', 'Dion', 34, 'F', 'Sales', 'Sales', 1000.00, 200, 150, 'Jennifer@company.com', 'Alabama', NULL, 13),
(19, 'George', 'Joe', 50, 'M', 'Manager', 'Management', 100000.00, 0, 300, 'George@company.com', 'Florida', '1003 Wyatt Street', 1),
(18, 'Laila', 'Mark', 26, 'F', 'Sales', 'Sales', 1000.00, 200, 150, 'Laila@company.com', 'Florida', '3655 Spirit Drive', 11),
(20, 'Sarrah', 'Bicky', 31, 'F', 'Senior Sales', 'Sales', 2000.00, 200, 150, 'Sarrah@company.com', 'Florida', '1176 Tyler Avenue', 19),
(21, 'Suzan', 'Lee', 34, 'F', 'Sales', 'Sales', 1300.00, 200, 150, 'Suzan@company.com', 'Florida', '1275 Monroe Avenue', 19),
(22, 'Mandy', 'John', 31, 'F', 'Sales', 'Sales', 1300.00, 200, 150, 'Mandy@company.com', 'Florida', '2510 Maryland Avenue', 19),
(23, 'Britney', 'Berry', 45, 'F', 'Sales', 'Sales', 1200.00, 200, 100, 'Britney@company.com', 'Florida', '3946 Steve Hunt Road', 19),
(25, 'Jack', 'Mick', 29, 'M', 'Sales', 'Sales', 1300.00, 200, 100, 'Jack@company.com', 'Hawaii', '3762 Stratford Drive', 19),
(26, 'Ben', 'Ten', 43, 'M', 'Sales', 'Sales', 1300.00, 150, 100, 'Ben@company.com', 'Hawaii', '3055 Indiana Avenue', 19),
(27, 'Tom', 'Fridy', 32, 'M', 'Sales', 'Sales', 1200.00, 200, 150, 'Tom@company.com', 'Hawaii', '801 Stratford Drive', 1),
(29, 'Antoney', 'Adam', 34, 'M', 'Sales', 'Sales', 1300.00, 180, 150, 'Antoney@company.com', 'Hawaii', '3533 Randall Drive', 1),
(28, 'Morgan', 'Matt', 25, 'M', 'Sales', 'Sales', 1200.00, 200, 150, 'Morgan@company.com', 'Hawaii', '2641 Randall Drive', 1),
(6, 'Molly', 'Sam', 28, 'F', 'Sales', 'Sales', 1400.00, 100, 150, 'Molly@company.com', 'Arizona', '3632 Polk Street', 13),
(7, 'Nicky', 'Bat', 33, 'F', 'Sales', 'Sales', 1400.00, 400, 100, 'Molly@company.com', 'Arizona', '3461 Preston Street', 13),
(9, 'Monika', 'William', 33, 'F', 'Sales', 'Sales', 1000.00, 200, 100, 'Molly@company.com', 'Alabama', NULL, 13),
(17, 'Mick', 'Berry', 44, 'M', 'Senior Sales', 'Sales', 2200.00, 200, 150, 'Mick@company.com', 'Florida', NULL, 11),
(12, 'Shandler', 'Bing', 23, 'M', 'Auditor', 'Audit', 1100.00, 200, 150, 'Shandler@company.com', 'Arizona', NULL, 11),
(14, 'Jason', 'Tom', 23, 'M', 'Auditor', 'Audit', 1000.00, 200, 150, 'Jason@company.com', 'Arizona', NULL, 11),
(16, 'Celine', 'Anston', 27, 'F', 'Auditor', 'Audit', 1000.00, 200, 150, 'Celine@company.com', 'Colorado', NULL, 11),
(15, 'Michale', 'Jackson', 44, 'F', 'Auditor', 'Audit', 700.00, 150, 150, 'Michale@company.com', 'Colorado', NULL, 11),
(24, 'Adam', 'Morris', 30, 'M', 'Sales', 'Sales', 1300.00, 200, 100, 'Adam@company.com', 'Alabama', '4541 Ferry Street', 19),
(30, 'Mark', 'Jon', 28, 'M', 'Sales', 'Sales', 1200.00, 200, 150, 'Mark@company.com', 'Alabama', '2522 George Avenue', 1),
(8, 'John', 'Ford', 26, 'M', 'Senior Sales', 'Sales', 1500.00, 140, 100, 'Molly@company.com', 'Alabama', '4832 New Creek Road', 13),
(1, 'Allen', 'Wang', 55, 'F', 'Manager', 'Management', 200000.00, 0, 300, 'Allen@company.com', 'California', '1069 Ventura Drive', 1),
(2, 'Joe', 'Jack', 32, 'M', 'Sales', 'Sales', 1000.00, 200, 150, 'Joe@company.com', 'California', '995 Jim Rosa Lane', 1),
(3, 'Henry', 'Ted', 31, 'M', 'Senior Sales', 'Sales', 2000.00, 200, 150, 'Henry@company.com', 'California', '1609 Ford Street', 1),
(4, 'Sam', 'Mark', 25, 'M', 'Sales', 'Sales', 1000.00, 120, 150, 'Sam@company.com', 'California', '4869 Libby Street', 1);


CREATE TABLE  "000_sql_interviews"."marathon_male" (
    place INT,
    div_tot VARCHAR(10),
    num INT,
    person_name VARCHAR(100),
    age INT,
    hometown VARCHAR(100),
    pace INT,
    gun_time INT,
    net_time INT
);

INSERT INTO "000_sql_interviews"."marathon_male" (place, div_tot, num, person_name, age, hometown, pace, gun_time, net_time) VALUES
(1, '1/48', 9, 'Joshua Kemei', 22, 'Kenya', 278, 1728, 1727),
(2, '2/48', 35, 'George Kirwa Misoi', 22, 'Kenya', 282, 1728, 1727),
(3, '3/48', 3, 'Jacob Frey', 24, 'Oakton VA', 286, 1778, 1777),
(4, '1/96', 49, 'Gurmessa Kumsa', 27, 'Oxon Hill MD', 288, 1786, 1785),
(5, '4/48', 31, 'Mike Baird', 24, 'Ardmore PA', 295, 1874, 1878),
(6, '5/48', 1662, 'Jon Lauder', 23, 'Oakton VA', 302, 1872, 1879),
(7, '1/143', 11, 'Paul Rades', 33, 'Wheaton MD', 306, 1900, 1898),
(8, '6/48', 48, 'Haile Gelalcha', 20, 'Oxon Hill MD', 306, 1899, 1899),
(9, '2/96', 33, 'John Bitok', 26, 'Kenya', 309, 1915, 1915),
(10, '1/45', 50, 'Dema Woyessa', 19, 'Oxon Hill MD', 314, 1950, 1950),
(11, '7/48', 711, 'Paris Caballero', 23, 'Gaithersburg MD', 314, 1953, 1951),
(12, '2/143', 3011, 'Troy Harrison', 30, 'Hustontown PA', 318, 1974, 1951),
(13, '3/143', 27, 'Albert Haan', 32, 'Washington DC', 318, 1977, 1976),
(14, '1/203', 825, 'Mike Colaiacovo', 36, 'Baltimore MD', 319, 1981, 1980),
(15, '1/201', 15, 'Mark Malander', 48, 'Herndon VA', 320, 1987, 1986),
(16, '2/203', 2299, 'Stavros Rologas', 37, 'Baltimore MD', 321, 1990, 1990),
(17, '2/45', 565, 'Nick Bax', 15, 'Bethesda MD', 322, 2001, 1998),
(18, '8/48', 405, 'Alvin Yew', 20, 'Silver Spring MD', 324, 2012, 2011),
(19, '4/143', 2656, 'Jason Tripp', 33, 'Ellicott City MD', 325, 2019, 2017),
(20, '1/132', 2135, 'Terry Permar', 51, 'Perkasie PA', 326, 2022, 2022);


CREATE TABLE "000_sql_interviews"."marathon_female" (
    place INT,
    div_tot VARCHAR(10),
    num INT,
    person_name VARCHAR(100),
    age INT,
    hometown VARCHAR(100),
    pace INT,
    gun_time INT,
    net_time INT
);

INSERT INTO "000_sql_interviews"."marathon_female" (place, div_tot, num, person_name, age, hometown, pace, gun_time, net_time)
VALUES 
(1, '1/48', 9, 'Joshua Kemei', 22, 'Kenya .', 278, 1728, 1727),
(2, '2/48', 35, 'George Kirwa Misoi', 22, 'Kenya .', 282, 1728, 1727),
(3, '3/48', 3, 'Jacob Frey', 24, 'Oakton VA', 286, 1778, 1777),
(4, '1/96', 49, 'Gurmessa Kumsa', 27, 'Oxon Hill MD', 288, 1786, 1785),
(5, '4/48', 31, 'Mike Baird', 24, 'Ardmore PA', 295, 1874, 1878),
(6, '5/48', 1662, 'Jon Lauder', 23, 'Oakton VA', 302, 1872, 1879),
(7, '1/143', 11, 'Paul Rades', 33, 'Wheaton MD', 306, 1900, 1898),
(8, '6/48', 48, 'Haile Gelalcha', 20, 'Oxon Hill MD', 306, 1899, 1899),
(9, '2/96', 33, 'John Bitok', 26, 'Kenya .', 309, 1915, 1915),
(10, '1/45', 50, 'Dema Woyessa', 19, 'Oxon Hill MD', 314, 1950, 1950),
(11, '7/48', 711, 'Paris Caballero', 23, 'Gaithersburg MD', 314, 1953, 1951),
(12, '2/143', 3011, 'Troy Harrison', 30, 'Hustontown PA', 318, 1974, 1951),
(13, '3/143', 27, 'Albert Haan', 32, 'Washington DC', 318, 1977, 1976),
(14, '1/203', 825, 'Mike Colaiacovo', 36, 'Baltimore MD', 319, 1981, 1980),
(15, '1/201', 15, 'Mark Malander', 48, 'Herndon VA', 320, 1987, 1986),
(16, '2/203', 2299, 'Stavros Rologas', 37, 'Baltimore MD', 321, 1990, 1990),
(17, '2/45', 565, 'Nick Bax', 15, 'Bethesda MD', 322, 2001, 1998),
(18, '8/48', 405, 'Alvin Yew', 20, 'Silver Spring MD', 324, 2012, 2011),
(19, '4/143', 2656, 'Jason Tripp', 33, 'Ellicott City MD', 325, 2019, 2017),
(20, '1/132', 2135, 'Terry Permar', 51, 'Perkasie PA', 326, 2022, 2022),
(21, '3/203', 3013, 'David Mead', 37, 'Washington DC', 328, 2036, 2033),
(22, '1/214', 5, 'Darrell General', 40, 'Bowie MD', 329, 2043, 2042),
(23, '2/214', 1302, 'David Haaga', 44, 'Rockville MD', 330, 2051, 2050),
(24, '5/143', 3019, 'Andrew Cherviyot', 34, 'Beltsville MD', 332, 2064, 2063),
(25, '2/201', 41, 'George Buckheit', 48, 'Reson VA', 332, 2065, 2063),
(26, '3/45', 416, 'David Bernstein', 19, 'Chevy Chase MD', 332, 2064, 2063),
(27, '3/96', 1459, 'Andrew Jacobson', 28, 'Washington DC', 333, 2069, 2067),
(28, '2/132', 17, 'Dan Lawson', 50, 'Gaithersburg MD', 333, 2069, 2069),
(29, '4/45', 410, 'Cooper Linde', 18, 'York PA', 334, 2072, 2070),
(30, '5/45', 897, 'Neal Darmody', 16, 'Gaithersburg MD', 335, 2080, 2078),
(31, '3/214', 2628, 'Derik Thomas', 40, 'Alexandria VA', 335, 2082, 2081),
(32, '4/96', 1791, 'Stephen Majkrzak', 26, 'Olney MD', 339, 2104, 2102),
(33, '4/214', 1632, 'Ronald Kulik', 42, 'Herndon VA', 341, 2115, 2114),
(34, '6/143', 1552, 'David Kent', 34, 'Arlington VA', 341, 2118, 2116),
(35, '6/45', 3227, 'Sam Epstein', 16, 'Bethesda MD', 343, 2129, 2128),
(36, '9/48', 409, 'Justin Ahn', 20, 'Silver Spring MD', 343, 2129, 2128),
(37, '5/214', 922, 'Sheldon Degenhardt', 41, 'Marriottsville V', 343, 2131, 2128),
(38, '5/96', 3012, 'Craig Shearer', 25, 'Gaithersburg MD', 343, 2131, 2128),
(39, '7/143', 997, 'Steven Dowler', 31, 'Kensington MD', 343, 2134, 2130),
(40, '10/48', 576, 'William Bedford', 23, 'Bethesda MD', 343, 2137, 2131),
(41, '6/96', 3346, 'Ted Bradley', 27, 'Comus MD', 344, 2137, 2133),
(42, '6/214', 800, 'Antonio Claro', 44, 'Rockville MD', 344, 2138, 2137),
(43, '11/48', 418, 'Alex Hooke', 22, 'College Park MD', 345, 2141, 2140),
(44, '3/201', 1401, 'Marty Horan', 46, 'Gaithersburg MD', 346, 2148, 2146),
(45, '4/203', 1354, 'Stephen Hays', 38, 'University Park', 346, 2148, 2146),
(46, '8/143', 13, 'Christoph Dean', 31, 'Alexandria VA', 347, 2155, 2153),
(47, '7/96', 1084, 'Thomas Faucette', 29, 'Silver Spring MD', 348, 2165, 2162),
(48, '7/45', 2637, 'John O Thornton', 17, 'Columbia MD', 349, 2170, 2167),
(49, '12/48', 415, 'Paul Longoria', 20, 'College Park MD', 350, 2172, 2170),
(50, '7/214', 1457, 'Paul Jacobson', 43, 'Gaithersburg MD', 350, 2174, 2172),
(51, '4/201', 3242, 'Dennis Coleman', 48, 'Gaithersburg MD', 351, 2179, 2179),
(52, '13/48', 401, 'Aaron Macgray', 21, 'College Park MD', 351, 2183, 2181),
(53, '8/96', 1728, 'Leyi Lin', 26, 'Washington DC', 352, 2190, 2188),
(54, '8/45', 2096, 'Artem Panasenkov', 16, 'Gaithersburg MD', 354, 2202, 2199),
(55, '3/132', 896, 'Peter Darmody', 50, 'Gaithersburg MD', 355, 2203, 2201),
(56, '8/214', 1370, 'Ronald Hess', 44, 'Baltimore MD', 356, 2216, 2213),
(57, '9/96', 1548, 'Kevin Kemp', 27, 'Reston VA', 358, 2226, 2223),
(58, '5/201', 127, 'John Chall', 48, 'Jessup MD', 359, 2228, 2226),
(59, '6/201', 3292, 'Jack Morrison', 46, '.', 359, 2234, 2230),
(60, '9/45', 411, 'Mike Montano', 19, 'Rockville MD', 360, 2232, 2232),
(61, '9/214', 3216, 'Jonathan Auerbach', 42, 'Bethesda MD', 361, 2240, 2238),
(62, '1/73', 442, 'Richard Adams', 55, 'Herndon VA', 361, 2244, 2242),
(63, '7/201', 1293, 'Rafael Guijarro', 45, 'Pembroke Pines F', 362, 2250, 2248),
(64, '8/201', 3241, 'Alvino Castro', 46, 'Brookeville MD', 362, 2250, 2249),
(65, '10/214', 147, 'Terry Eickel', 44, 'Germantown MD', 362, 2254, 2250),
(66, '2/73', 1961, 'Timothy Morgan', 55, 'Damascus MD', 363, 2252, 2250),
(67, '5/203', 1845, 'Tom Matzke', 35, 'Rockville MD', 363, 2257, 2254),
(68, '1/50', 19, 'Patrick Griffith', 61, 'Alexandria VA', 364, 2259, 2259),
(69, '9/201', 3321, 'Oscar Ramirez', 48, 'Gaithersburg MD', 365, 2269, 2265),
(70, '9/143', 2657, 'Ken Trombatore', 33, 'Germantown MD', 366, 2274, 2270),
(71, '3/73', 29, 'Jim Wright', 56, 'Gaithersburg MD', 367, 2278, 2275),
(72, '4/73', 2327, 'Steve Ruckert', 56, 'Woodbine MD', 367, 2279, 2278),
(73, '10/96', 1015, 'Michael Dusenbery', 27, 'Savage MD', 367, 2279, 2278),
(74, '10/201', 1871, 'Weems Mcfadden', 48, 'Laurel MD', 367, 2281, 2280),
(75, '11/214', 1387, 'John Holland', 41, 'Philadelphia PA', 368, 2286, 2285),
(76, '10/45', 2061, 'Burke Oleszewski', 18, 'Bethesda MD', 368, 2288, 2287),
(77, '10/143', 2230, 'Chris Rankin', 34, 'Clarksburg MD', 368, 2292, 2287),
(78, '12/214', 2343, 'Alan Ryder', 42, 'Gaithersburg MD', 369, 2296, 2293),
(79, '4/132', 2725, 'Larry Washington', 54, 'Rockville MD', 369, 2296, 2293),
(80, '6/203', 3255, 'Kevin Odons', 36, 'Rockville MD', 370, 2302, 2297),
(81, '11/45', 2069, 'William Orndorff', 15, 'Rockville MD', 370, 2359, 2298),
(82, '11/201', 2985, 'Bill Stahr', 45, '.', 371, 2305, 2302),
(83, '11/143', 2757, 'Gregory Werner', 30, 'Glen Burnie MD', 372, 2311, 2308),
(84, '7/203', 2477, 'Keith Slonski', 36, 'Gaithersburg MD', 372, 2315, 2311),
(85, '12/201', 1274, 'Jeff Green', 46, 'Rockville MD', 372, 2314, 2311),
(86, '13/201', 2011, 'Greg Nelson', 45, 'Olney MD', 372, 2314, 2311),
(87, '5/132', 1867, 'Denis Mcdonald', 51, 'Woodbine MD', 374, 2323, 2319),
(88, '12/143', 2946, 'John Howard', 34, 'Brunswick MD', 375, 2327, 2325),
(89, '13/214', 835, 'Carleton Conant', 44, 'Kensington MD', 376, 2339, 2336),
(90, '14/48', 404, 'Erik Westlund', 21, 'College Park MD', 377, 2339, 2337),
(91, '14/214', 2192, 'Matthew Prineas', 41, 'Silver Spring MD', 377, 2347, 2343),
(92, '6/132', 2103, 'Joseph Parker', 50, 'Rockville MD', 378, 2351, 2347),
(93, '8/203', 1101, 'Dante Figueroa', 37, 'Washington DC', 378, 2413, 2348),
(94, '9/203', 2057, 'Frank Odeh', 37, 'Oak Hill VA', 380, 2365, 2362),
(95, '7/132', 3249, 'Vassili Triantos', 51, 'Rockville MD', 381, 2367, 2364),
(96, '10/203', 2763, 'Chris Doe', 37, 'Rockville MD', 382, 2375, 2370),
(97, '11/203', 178, 'Mark Krulikowski', 37, 'Arlington VA', 382, 2374, 2371),
(98, '12/45', 2587, 'Matthew Sushinsky', 15, 'Rockville MD', 383, 2379, 2375),
(99, '13/143', 2496, 'Tyson Smith', 31, 'Washington DC', 383, 2385, 2380),
(100, '15/48', 402, 'Nick Fernandez', 22, 'College Park MD', 384, 2389, 2383);